"zip","city","county","pop"
"22193","Woodbridge","Prince William","82309"
"23464","Virginia Beach","Virginia Beach City","76421"
"22191","Woodbridge","Prince William","71019"
"23462","Virginia Beach","Virginia Beach City","65906"
"23322","Chesapeake","Chesapeake City","64972"
"20147","Ashburn","Loudoun","63878"
"22003","Annandale","Fairfax","59375"
"22030","Fairfax","Fairfax City","59332"
"23452","Virginia Beach","Virginia Beach City","58996"
"23454","Virginia Beach","Virginia Beach City","58904"
"22407","Fredericksburg","Spotsylvania","58826"
"22192","Woodbridge","Prince William","58690"
"23320","Chesapeake","Chesapeake City","57619"
"22554","Stafford","Stafford","57447"
"24060","Blacksburg","Montgomery","55676"
"22204","Arlington","Arlington","54617"
"23456","Virginia Beach","Virginia Beach City","54337"
"23112","Midlothian","Chesterfield","53168"
"20176","Leesburg","Loudoun","52862"
"23223","Richmond","Richmond City","52309"
"23666","Hampton","Hampton City","52249"
"20148","Ashburn","Loudoun","51243"
"20171","Herndon","Fairfax","51093"
"23434","Suffolk","Suffolk City","49625"
"23455","Virginia Beach","Virginia Beach City","49263"
"22304","Alexandria","Alexandria City","48510"
"23185","Williamsburg","James City","47894"
"20110","Manassas","Manassas City","47574"
"24502","Lynchburg","Lynchburg City","46044"
"23234","Richmond","Chesterfield","44783"
"22015","Burke","Fairfax","44523"
"23188","Williamsburg","James City","44499"
"23451","Virginia Beach","Virginia Beach City","43230"
"20109","Manassas","Manassas City","43093"
"23608","Newport News","Newport News City","43058"
"23225","Richmond","Richmond City","42937"
"20170","Herndon","Fairfax","42690"
"20164","Sterling","Loudoun","41684"
"22801","Harrisonburg","Harrisonburg City","41572"
"20120","Centreville","Fairfax","41312"
"23323","Chesapeake","Chesapeake City","41074"
"23669","Hampton","Hampton City","40996"
"22903","Charlottesville","Charlottesville City","40652"
"23224","Richmond","Richmond City","40546"
"22033","Fairfax","Fairfax","39478"
"23602","Newport News","Newport News City","38821"
"22201","Arlington","Arlington","38541"
"24018","Roanoke","Roanoke","38341"
"23832","Chesterfield","Chesterfield","38329"
"23803","Petersburg","Petersburg City","38187"
"24153","Salem","Salem","37849"
"23060","Glen Allen","Henrico","37554"
"22309","Alexandria","Fairfax","37464"
"23111","Mechanicsville","Hanover","36846"
"20155","Gainesville","Prince William","36642"
"23231","Richmond","Henrico","36564"
"22079","Lorton","Fairfax","36559"
"20111","Manassas","Manassas Park City","36375"
"23321","Chesapeake","Chesapeake City","36212"
"23059","Glen Allen","Hanover","36070"
"23831","Chester","Chesterfield","35964"
"24401","Staunton","Staunton City","35718"
"23228","Richmond","Henrico","35704"
"22701","Culpeper","Culpeper","35495"
"22306","Alexandria","Fairfax","35425"
"22901","Charlottesville","Albemarle","35372"
"23229","Richmond","Henrico","35325"
"20152","Chantilly","Loudoun","35302"
"22042","Falls Church","Fairfax","35174"
"23220","Richmond","Richmond City","34934"
"20175","Leesburg","Loudoun","34857"
"22314","Alexandria","Alexandria City","34378"
"22031","Fairfax","Fairfax City","33379"
"22207","Arlington","Arlington","33170"
"23235","Richmond","Chesterfield","32627"
"22312","Alexandria","Fairfax","32566"
"22310","Alexandria","Fairfax","32380"
"22980","Waynesboro","Waynesboro City","32337"
"22630","Front Royal","Warren","32321"
"23503","Norfolk","Norfolk City","31915"
"20165","Sterling","Loudoun","31912"
"22405","Fredericksburg","Stafford","31747"
"24540","Danville","Danville City","31607"
"23233","Richmond","Henrico","31605"
"22032","Fairfax","Fairfax","31201"
"22153","Springfield","Fairfax","31196"
"23116","Mechanicsville","Hanover","31059"
"24073","Christiansburg","Montgomery","30710"
"23435","Suffolk","Suffolk City","30626"
"22152","Springfield","Fairfax","30624"
"23860","Hopewell","Hopewell City","30524"
"23513","Norfolk","Norfolk City","30384"
"22408","Fredericksburg","Spotsylvania","30285"
"23505","Norfolk","Norfolk City","30270"
"24012","Roanoke","Roanoke City","30220"
"20191","Reston","Fairfax","30181"
"22101","Mc Lean","Fairfax","29892"
"20136","Bristow","Prince William","29875"
"22602","Winchester","Frederick","29616"
"22315","Alexandria","Fairfax","29470"
"24112","Martinsville","Martinsville City","29448"
"20121","Centreville","Fairfax","29426"
"23518","Norfolk","Norfolk City","29301"
"22802","Harrisonburg","Rockingham","29069"
"22601","Winchester","Winchester City","28925"
"22150","Springfield","Fairfax","28905"
"23606","Newport News","Newport News City","28772"
"22401","Fredericksburg","Fredericksburg City","28622"
"22041","Falls Church","Fairfax","28429"
"24501","Lynchburg","Lynchburg City","28036"
"24019","Roanoke","Botetourt","27722"
"23222","Richmond","Richmond City","27212"
"24541","Danville","Danville City","27114"
"23703","Portsmouth","Portsmouth City","26655"
"20112","Manassas","Manassas Park City","26648"
"22406","Fredericksburg","Stafford","26256"
"23238","Richmond","Goochland","26132"
"22182","Vienna","Fairfax","26124"
"23834","Colonial Heights","Colonial Heights City","26017"
"23227","Richmond","Henrico","25931"
"22102","Mc Lean","Fairfax","25627"
"24551","Forest","Bedford","25625"
"20169","Haymarket","Prince William","25619"
"22485","King George","King George","25606"
"22202","Arlington","Arlington","25409"
"22902","Charlottesville","Charlottesville City","25245"
"20105","Aldie","Loudoun","25168"
"23113","Midlothian","Chesterfield","25021"
"23601","Newport News","Newport News City","25005"
"22043","Falls Church","Fairfax","24806"
"23237","Richmond","Chesterfield","24711"
"23139","Powhatan","Powhatan","24647"
"22180","Vienna","Fairfax","24366"
"23693","Yorktown","York","24311"
"22203","Arlington","Arlington","24309"
"23236","Richmond","Chesterfield","24286"
"23701","Portsmouth","Portsmouth City","23951"
"23324","Chesapeake","Chesapeake City","23893"
"24017","Roanoke","Roanoke City","23699"
"23504","Norfolk","Norfolk City","23330"
"20151","Chantilly","Fairfax","23068"
"23607","Newport News","Newport News City","23067"
"24141","Radford","Radford","22989"
"22655","Stephens City","Frederick","21982"
"23508","Norfolk","Norfolk City","21697"
"23502","Norfolk","Norfolk City","21363"
"23061","Gloucester","Gloucester","21271"
"22206","Arlington","Arlington","20508"
"24151","Rocky Mount","Franklin","20436"
"20190","Reston","Fairfax","19950"
"24523","Bedford","Bedford City","19711"
"23114","Midlothian","Chesterfield","19628"
"23805","Petersburg","Petersburg City","19440"
"24503","Lynchburg","Lynchburg City","19349"
"22311","Alexandria","Alexandria City","19002"
"22205","Arlington","Arlington","18982"
"20187","Warrenton","Fauquier","18738"
"22046","Falls Church","Falls Church City","18698"
"22305","Alexandria","Alexandria City","18579"
"22124","Oakton","Fairfax","18530"
"23901","Farmville","Prince Edward","18397"
"23692","Yorktown","York","18273"
"24179","Vinton","Roanoke","18258"
"23294","Richmond","Henrico","18091"
"20132","Purcellville","Loudoun","18053"
"22151","Springfield","Fairfax","17917"
"24333","Galax","Galax City","17768"
"22066","Great Falls","Fairfax","17767"
"23005","Ashland","Hanover","17602"
"22039","Fairfax Station","Fairfax","17598"
"23704","Portsmouth","Portsmouth City","17592"
"22302","Alexandria","Alexandria City","17566"
"22911","Charlottesville","Albemarle","17441"
"23430","Smithfield","Isle Of Wight","17245"
"24450","Lexington","Lexington City","17140"
"24572","Madison Heights","Amherst","16691"
"23838","Chesterfield","Chesterfield","16666"
"24014","Roanoke","Roanoke City","16605"
"22963","Palmyra","Fluvanna","16571"
"22026","Dumfries","Prince William","16465"
"23226","Richmond","Henrico","16458"
"24210","Abingdon","Washington","16337"
"22546","Ruther Glen","Caroline","16334"
"24201","Bristol","Bristol","16252"
"23325","Chesapeake","Chesapeake City","16250"
"22603","Winchester","Frederick","16030"
"22553","Spotsylvania","Spotsylvania","15761"
"23847","Emporia","Emporia City","15717"
"22181","Vienna","Fairfax","15350"
"20124","Clifton","Fairfax","15114"
"23221","Richmond","Richmond City","14842"
"20186","Warrenton","Fauquier","14839"
"22508","Locust Grove","Orange","14750"
"23707","Portsmouth","Portsmouth City","14685"
"24015","Roanoke","Roanoke City","14677"
"22303","Alexandria","Fairfax","14558"
"24301","Pulaski","Pulaski","14164"
"23093","Louisa","Louisa","13992"
"24354","Marion","Smyth","13934"
"23605","Newport News","Newport News City","13801"
"23836","Chester","Chesterfield","13787"
"24382","Wytheville","Wythe","13780"
"23511","Norfolk","Norfolk City","13773"
"22044","Falls Church","Fairfax","13616"
"22308","Alexandria","Fairfax","13610"
"23509","Norfolk","Norfolk City","13567"
"23663","Hampton","Hampton City","13528"
"24426","Covington","Covington City","13451"
"23851","Franklin","Franklin City","13437"
"22301","Alexandria","Alexandria City","13377"
"24592","South Boston","Halifax","13342"
"22209","Arlington","Arlington","13227"
"23150","Sandston","Henrico","12862"
"23661","Hampton","Hampton City","12812"
"20194","Reston","Fairfax","12467"
"24055","Bassett","Henry","12402"
"23072","Hayes","Gloucester","12377"
"23875","Prince George","Prince George","12313"
"20166","Sterling","Loudoun","12236"
"23662","Poquoson","Poquoson City","12066"
"22835","Luray","Page","11593"
"24219","Big Stone Gap","Wise","11393"
"24121","Moneta","Bedford","11145"
"24202","Bristol","Bristol","11127"
"23702","Portsmouth","Portsmouth City","11020"
"24084","Dublin","Pulaski","11002"
"24477","Stuarts Draft","Augusta","10894"
"22657","Strasburg","Shenandoah","10738"
"22968","Ruckersville","Greene","10562"
"23120","Moseley","Chesterfield","10478"
"22827","Elkton","Rockingham","10289"
"22960","Orange","Orange","10079"
"24211","Abingdon","Washington","10032"
"23002","Amelia Court House","Amelia","9986"
"24588","Rustburg","Campbell","9936"
"22172","Triangle","Prince William","9934"
"22307","Alexandria","Fairfax","9902"
"24521","Amherst","Amherst","9830"
"22942","Gordonsville","Orange","9774"
"24504","Lynchburg","Lynchburg City","9765"
"24343","Hillsville","Carroll","9597"
"23664","Hampton","Hampton City","9593"
"24293","Wise","Wise","9575"
"22060","Fort Belvoir","Fairfax","9489"
"22664","Woodstock","Shenandoah","9457"
"23075","Highland Springs","Henrico","9414"
"23117","Mineral","Louisa","9353"
"20181","Nokesville","Prince William","9350"
"22815","Broadway","Rockingham","9337"
"23314","Carrollton","Isle Of Wight","9261"
"24522","Appomattox","Appomattox","9206"
"22712","Bealeton","Fauquier","9094"
"24266","Lebanon","Russell","8986"
"22611","Berryville","Clarke","8954"
"22812","Bridgewater","Rockingham","8952"
"23510","Norfolk","Norfolk City","8913"
"22443","Colonial Beach","Westmoreland","8872"
"24531","Chatham","Pittsylvania","8818"
"24016","Roanoke","Roanoke City","8759"
"24416","Buena Vista","Buena Vista City","8756"
"23970","South Hill","Mecklenburg","8616"
"23024","Bumpass","Louisa","8502"
"24013","Roanoke","Roanoke City","8478"
"24148","Ridgeway","Henry","8475"
"24171","Stuart","Patrick","8327"
"24251","Gate City","Scott","8275"
"23936","Dillwyn","Buckingham","8215"
"24175","Troutville","Botetourt","8142"
"24230","Coeburn","Wise","8092"
"24605","Bluefield","Tazewell","7870"
"20141","Round Hill","Loudoun","7853"
"24590","Scottsville","Albemarle","7779"
"24091","Floyd","Floyd","7739"
"22932","Crozet","Albemarle","7721"
"20180","Lovettsville","Loudoun","7705"
"23168","Toano","James City","7703"
"24557","Gretna","Pittsylvania","7696"
"23523","Norfolk","Norfolk City","7561"
"22134","Quantico","Prince William","7537"
"24078","Collinsville","Henry","7527"
"24550","Evington","Campbell","7272"
"24319","Chilhowie","Smyth","7228"
"22572","Warsaw","Richmond","7227"
"24614","Grundy","Buchanan","7198"
"24630","North Tazewell","Tazewell","7148"
"20115","Marshall","Fauquier","7142"
"24609","Cedar Bluff","Tazewell","7136"
"23141","Quinton","New Kent","7026"
"23868","Lawrenceville","Brunswick","6986"
"24277","Pennington Gap","Lee","6906"
"23192","Montpelier","Hanover","6903"
"23604","Fort Eustis","Newport News City","6900"
"23230","Richmond","Henrico","6871"
"24370","Saltville","Smyth","6821"
"23507","Norfolk","Norfolk City","6795"
"23009","Aylett","King William","6629"
"23824","Blackstone","Nottoway","6476"
"23842","Disputanta","Prince George","6458"
"24228","Clintwood","Dickenson","6449"
"22560","Tappahannock","Essex","6435"
"23140","Providence Forge","New Kent","6431"
"22939","Fishersville","Augusta","6369"
"24054","Axton","Henry","6367"
"23665","Hampton","Hampton City","6363"
"24101","Hardy","Bedford","6290"
"22824","Edinburg","Shenandoah","6253"
"24441","Grottoes","Rockingham","6190"
"24065","Boones Mill","Franklin","6098"
"24273","Norton","Norton City","6072"
"22851","Stanley","Page","6057"
"24340","Glade Spring","Washington","6050"
"24422","Clifton Forge","Alleghany","5924"
"22973","Stanardsville","Greene","5915"
"24244","Duffield","Scott","5881"
"24263","Jonesville","Lee","5875"
"24224","Castlewood","Russell","5866"
"24586","Ringgold","Pittsylvania","5819"
"24558","Halifax","Halifax","5813"
"24360","Max Meadows","Wythe","5802"
"24361","Meadowview","Washington","5795"
"22727","Madison","Madison","5765"
"23801","Fort Lee","Prince George","5763"
"23487","Windsor","Isle Of Wight","5728"
"23089","Lanexa","New Kent","5695"
"24651","Tazewell","Tazewell","5665"
"22923","Barboursville","Orange","5653"
"22520","Montross","Westmoreland","5636"
"23924","Chase City","Mecklenburg","5625"
"23974","Victoria","Lunenburg","5608"
"24538","Concord","Campbell","5591"
"23103","Manakin Sabot","Goochland","5525"
"24641","Richlands","Tazewell","5489"
"24088","Ferrum","Franklin","5472"
"22821","Dayton","Rockingham","5428"
"22842","Mount Jackson","Shenandoah","5374"
"22427","Bowling Green","Caroline","5349"
"24260","Honaker","Russell","5340"
"22849","Shenandoah","Page","5318"
"24066","Buchanan","Botetourt","5295"
"24563","Hurt","Pittsylvania","5290"
"24482","Verona","Augusta","5267"
"24368","Rural Retreat","Wythe","5252"
"24279","Pound","Wise","5247"
"23181","West Point","King William","5232"
"24134","Pearisburg","Giles","5200"
"22974","Troy","Fluvanna","5115"
"20106","Amissville","Rappahannock","5087"
"22580","Woodford","Caroline","5074"
"22473","Heathsville","Northumberland","5061"
"24064","Blue Ridge","Botetourt","5046"
"24090","Fincastle","Botetourt","5028"
"22642","Linden","Warren","5022"
"23930","Crewe","Nottoway","4919"
"22936","Earlysville","Albemarle","4891"
"22904","Charlottesville","Charlottesville City","4834"
"22844","New Market","Shenandoah","4802"
"24124","Narrows","Giles","4785"
"23030","Charles City","Charles City","4765"
"24348","Independence","Grayson","4760"
"23040","Cumberland","Cumberland","4747"
"24517","Altavista","Campbell","4743"
"24577","Nathalie","Halifax","4720"
"23063","Goochland","Goochland","4720"
"22840","Mc Gaheysville","Rockingham","4679"
"20158","Hamilton","Loudoun","4610"
"24184","Wirtz","Franklin","4586"
"23922","Burkeville","Nottoway","4551"
"23517","Norfolk","Norfolk City","4543"
"23124","New Kent","New Kent","4526"
"23219","Richmond","Richmond City","4504"
"23421","Parksley","Accomack","4423"
"23837","Courtland","Southampton","4406"
"23890","Waverly","Sussex","4396"
"23690","Yorktown","York","4374"
"23310","Cape Charles","Northampton","4351"
"24095","Goodview","Bedford","4332"
"23437","Suffolk","Suffolk City","4308"
"22645","Middletown","Frederick","4279"
"23457","Virginia Beach","Virginia Beach City","4180"
"23927","Clarksville","Mecklenburg","4074"
"24421","Churchville","Augusta","4029"
"24574","Monroe","Amherst","4009"
"22853","Timberville","Rockingham","3982"
"22947","Keswick","Albemarle","3956"
"24554","Gladys","Campbell","3952"
"23947","Keysville","Charlotte","3927"
"23603","Newport News","Newport News City","3907"
"24317","Cana","Carroll","3903"
"22920","Afton","Nelson","3876"
"23950","La Crosse","Mecklenburg","3870"
"24127","New Castle","Craig","3860"
"23015","Beaverdam","Hanover","3853"
"20119","Catlett","Fauquier","3850"
"24430","Craigsville","Augusta","3829"
"24381","Woodlawn","Carroll","3826"
"24549","Dry Fork","Pittsylvania","3805"
"24087","Elliston","Roanoke","3789"
"23420","Painter","Accomack","3739"
"22213","Arlington","Arlington","3713"
"23696","Seaford","York","3696"
"24637","Pounding Mill","Tazewell","3683"
"23086","King William","King William","3638"
"24315","Bland","Bland","3563"
"22567","Unionville","Orange","3552"
"23350","Exmore","Northampton","3551"
"22656","Stephenson","Frederick","3527"
"22734","Remington","Fauquier","3480"
"24256","Haysi","Dickenson","3471"
"22625","Cross Junction","Frederick","3469"
"24104","Huddleston","Bedford","3452"
"23417","Onancock","Accomack","3438"
"24639","Raven","Buchanan","3412"
"24149","Riner","Montgomery","3401"
"22737","Rixeyville","Culpeper","3348"
"23958","Pamplin","Appomattox","3318"
"23102","Maidens","Goochland","3312"
"24486","Weyers Cave","Augusta","3304"
"23841","Dinwiddie","Dinwiddie","3266"
"23146","Rockville","Hanover","3257"
"22534","Partlow","Spotsylvania","3228"
"24556","Goode","Bedford","3218"
"22503","Lancaster","Lancaster","3208"
"20135","Bluemont","Loudoun","3187"
"22482","Kilmarnock","Lancaster","3173"
"24589","Scottsburg","Halifax","3170"
"22807","Harrisonburg","Harrisonburg City","3161"
"24136","Pembroke","Giles","3156"
"24528","Brookneal","Campbell","3126"
"23149","Saluda","Middlesex","3116"
"23944","Kenbridge","Lunenburg","3096"
"24236","Damascus","Washington","3092"
"23923","Charlotte Court House","Charlotte","3083"
"24330","Fries","Grayson","3078"
"23920","Brodnax","Brunswick","2975"
"24440","Greenville","Augusta","2948"
"24620","Hurley","Buchanan","2932"
"24083","Daleville","Botetourt","2910"
"24656","Vansant","Buchanan","2906"
"23336","Chincoteague Island","Accomack","2899"
"24174","Thaxton","Bedford","2898"
"24527","Blairs","Pittsylvania","2884"
"23069","Hanover","Hanover","2883"
"22728","Midland","Fauquier","2834"
"22624","Clear Brook","Frederick","2816"
"24445","Hot Springs","Bath","2798"
"23917","Boydton","Mecklenburg","2778"
"22735","Reva","Culpeper","2764"
"22841","Mount Crawford","Rockingham","2747"
"24142","Radford","Radford","2745"
"23840","Dewitt","Dinwiddie","2719"
"24216","Appalachia","Wise","2712"
"24649","Swords Creek","Russell","2705"
"24380","Willis","Floyd","2696"
"22620","Boyce","Clarke","2653"
"24053","Ararat","Patrick","2646"
"23083","Jetersville","Amelia","2616"
"24431","Crimora","Augusta","2571"
"23160","State Farm","Goochland","2557"
"23872","Mc Kenney","Dinwiddie","2549"
"23885","Sutherland","Dinwiddie","2542"
"24137","Penhook","Franklin","2530"
"22578","White Stone","Lancaster","2526"
"22576","Weems","Lancaster","2513"
"22843","Mount Solon","Augusta","2492"
"24281","Rose Hill","Lee","2483"
"22435","Callao","Northumberland","2471"
"20197","Waterford","Loudoun","2467"
"24248","Ewing","Lee","2465"
"23829","Capron","Southampton","2454"
"24092","Glade Hill","Franklin","2445"
"22637","Gore","Frederick","2443"
"24089","Fieldale","Henry","2440"
"23919","Bracey","Mecklenburg","2436"
"23888","Wakefield","Sussex","2420"
"24162","Shawsville","Montgomery","2381"
"22644","Maurertown","Shenandoah","2376"
"24067","Callaway","Franklin","2368"
"24467","Mount Sidney","Augusta","2363"
"24631","Oakwood","Buchanan","2334"
"22937","Esmont","Albemarle","2320"
"24271","Nickelsville","Scott","2319"
"24571","Lynch Station","Campbell","2310"
"20117","Middleburg","Loudoun","2295"
"22846","Penn Laird","Rockingham","2291"
"23966","Rice","Prince Edward","2286"
"24225","Cleveland","Russell","2283"
"24520","Alton","Halifax","2261"
"24593","Spout Spring","Appomattox","2260"
"24133","Patrick Springs","Patrick","2258"
"23062","Gloucester Point","Gloucester","2246"
"24555","Glasgow","Rockbridge","2245"
"22539","Reedville","Northumberland","2234"
"23173","University Of Richmond","Richmond City","2227"
"23833","Church Road","Dinwiddie","2216"
"22514","Milford","Caroline","2195"
"23898","Zuni","Isle Of Wight","2190"
"22922","Arrington","Nelson","2145"
"24085","Eagle Rock","Botetourt","2139"
"23882","Stony Creek","Sussex","2136"
"23308","Bloxom","Accomack","2133"
"24283","St. Paul","Wise","2130"
"23891","Waverly","Sussex","2112"
"22724","Jeffersonton","Culpeper","2102"
"23109","Mathews","Mathews","2084"
"23883","Surry","Surry","2065"
"24529","Buffalo Junction","Mecklenburg","2050"
"22967","Roseland","Nelson","2048"
"23043","Deltaville","Middlesex","2036"
"24435","Fairfield","Rockbridge","2028"
"23460","Virginia Beach","Virginia Beach City","2024"
"23881","Spring Grove","Surry","2023"
"23821","Alberta","Brunswick","2016"
"22027","Dunn Loring","Fairfax","2003"
"22958","Nellysford","Nelson","1998"
"23866","Ivor","Southampton","1974"
"24290","Weber City","Scott","1968"
"24243","Dryden","Lee","1948"
"24128","Newport","Giles","1948"
"22660","Toms Brook","Shenandoah","1943"
"23867","Jarratt","Sussex","1930"
"23123","New Canton","Buckingham","1922"
"20198","The Plains","Fauquier","1905"
"23084","Kents Store","Fluvanna","1897"
"22742","Sumerduck","Fauquier","1889"
"24375","Sugar Grove","Smyth","1888"
"23047","Doswell","Hanover","1888"
"22830","Fulks Run","Rockingham","1867"
"22969","Schuyler","Nelson","1866"
"24324","Draper","Pulaski","1853"
"24070","Catawba","Roanoke","1827"
"24079","Copper Hill","Floyd","1817"
"23156","Shacklefords","King And Queen","1811"
"23148","Saint Stephens Church","King And Queen","1799"
"23438","Suffolk","Suffolk City","1795"
"23937","Drakes Branch","Charlotte","1794"
"22952","Lyndhurst","Augusta","1792"
"24471","Port Republic","Rockingham","1791"
"22542","Rhoadesville","Orange","1761"
"22971","Shipman","Nelson","1749"
"24328","Fancy Gap","Carroll","1748"
"22454","Dunnsville","Essex","1746"
"22469","Hague","Westmoreland","1738"
"22610","Bentonville","Warren","1735"
"24472","Raphine","Rockbridge","1722"
"23301","Accomac","Accomack","1721"
"22713","Boston","Culpeper","1721"
"24312","Austinville","Wythe","1678"
"24598","Virgilina","Halifax","1677"
"23954","Meherrin","Prince Edward","1663"
"24069","Cascade","Pittsylvania","1644"
"23806","Petersburg","Petersburg City","1640"
"24347","Hiwassee","Pulaski","1619"
"24138","Pilot","Montgomery","1618"
"23415","New Church","Accomack","1603"
"24594","Sutherlin","Pittsylvania","1600"
"24122","Montvale","Bedford","1600"
"24258","Hiltons","Scott","1577"
"23175","Urbanna","Middlesex","1575"
"23830","Carson","Dinwiddie","1565"
"24102","Henry","Franklin","1552"
"22652","Fort Valley","Shenandoah","1543"
"23960","Prospect","Prince Edward","1541"
"24479","Swoope","Augusta","1539"
"20137","Broad Run","Fauquier","1527"
"23071","Hartfield","Middlesex","1523"
"23035","Cobbs Creek","Mathews","1518"
"23038","Columbia","Goochland","1513"
"22738","Rochelle","Madison","1513"
"23432","Suffolk","Suffolk City","1506"
"23827","Boykins","Southampton","1491"
"24553","Gladstone","Nelson","1489"
"24120","Meadows Of Dan","Patrick","1477"
"24311","Atkins","Smyth","1475"
"23065","Gum Spring","Goochland","1472"
"23459","Virginia Beach","Virginia Beach City","1430"
"24635","Pocahontas","Tazewell","1420"
"24147","Rich Creek","Giles","1418"
"22709","Aroda","Madison","1414"
"22940","Free Union","Albemarle","1406"
"24314","Bastian","Bland","1403"
"24566","Keeling","Pittsylvania","1386"
"22959","North Garden","Albemarle","1380"
"22938","Faber","Nelson","1378"
"23153","Sandy Hook","Goochland","1372"
"22747","Washington","Rappahannock","1367"
"24076","Claudville","Patrick","1362"
"22211","Ft Myer","Arlington","1353"
"23011","Barhamsville","New Kent","1345"
"22460","Farnham","Richmond","1344"
"23410","Melfa","Accomack","1326"
"22729","Mitchells","Culpeper","1312"
"24250","Fort Blackmore","Scott","1309"
"23921","Buckingham","Buckingham","1297"
"24363","Mouth Of Wilson","Grayson","1290"
"23964","Red Oak","Charlotte","1278"
"24526","Big Island","Bedford","1264"
"23442","Temperanceville","Accomack","1263"
"24165","Spencer","Henry","1259"
"24176","Union Hall","Franklin","1257"
"24579","Natural Bridge Station","Rockbridge","1256"
"24465","Monterey","Highland","1239"
"23942","Green Bay","Prince Edward","1239"
"22715","Brightwood","Madison","1230"
"24439","Goshen","Rockbridge","1227"
"23915","Baskerville","Mecklenburg","1215"
"23433","Suffolk","Suffolk City","1214"
"23315","Carrsville","Isle Of Wight","1213"
"23850","Ford","Dinwiddie","1211"
"24534","Clover","Halifax","1208"
"22831","Hinton","Rockingham","1199"
"23959","Phenix","Charlotte","1198"
"23551","Norfolk","Norfolk City","1189"
"23356","Greenbackville","Accomack","1187"
"24460","Millboro","Bath","1182"
"24350","Ivanhoe","Wythe","1179"
"24226","Clinchco","Dickenson","1154"
"24597","Vernon Hill","Halifax","1151"
"23967","Saxe","Charlotte","1137"
"22714","Brandy Station","Culpeper","1133"
"23027","Cartersville","Cumberland","1116"
"22663","White Post","Clarke","1108"
"22850","Singers Glen","Rockingham","1102"
"20144","Delaplane","Fauquier","1086"
"22832","Keezletown","Rockingham","1085"
"24599","Wingina","Nelson","1083"
"23169","Topping","Middlesex","1069"
"22949","Lovingston","Nelson","1066"
"23039","Crozier","Goochland","1056"
"22834","Linville","Rockingham","1055"
"24220","Birchleaf","Dickenson","1049"
"24326","Elk Creek","Grayson","1030"
"22720","Goldvein","Fauquier","1030"
"24072","Check","Floyd","1029"
"24325","Dugspur","Carroll","1020"
"23436","Suffolk","Suffolk City","1019"
"23106","Manquin","King William","1019"
"24378","Trout Dale","Grayson","998"
"23878","Sedley","Southampton","989"
"22623","Chester Gap","Rappahannock","966"
"22935","Dyke","Greene","965"
"23418","Onley","Accomack","963"
"22125","Occoquan","Prince William","955"
"24569","Long Island","Campbell","938"
"23839","Dendron","Surry","936"
"24530","Callands","Pittsylvania","932"
"24578","Natural Bridge","Rockbridge","926"
"23874","Newsoms","Southampton","924"
"23405","Machipongo","Northampton","923"
"24313","Barren Springs","Wythe","917"
"23022","Bremo Bluff","Fluvanna","917"
"22733","Rapidan","Culpeper","917"
"23856","Freeman","Brunswick","907"
"24323","Crockett","Wythe","893"
"24473","Rockbridge Baths","Rockbridge","889"
"22437","Center Cross","Essex","888"
"22654","Star Tannery","Frederick","875"
"22740","Sperryville","Rappahannock","873"
"23076","Hudgins","Mathews","872"
"22511","Lottsburg","Northumberland","871"
"24282","Saint Charles","Lee","865"
"24237","Dante","Russell","865"
"22847","Quicksburg","Shenandoah","861"
"22488","Kinsale","Westmoreland","860"
"24059","Bent Mountain","Roanoke","853"
"23846","Elberon","Surry","852"
"24280","Rosedale","Russell","850"
"24622","Jewell Ridge","Tazewell","839"
"24352","Laurel Fork","Carroll","839"
"23962","Randolph","Charlotte","830"
"23407","Mappsville","Accomack","828"
"20143","Catharpin","Prince William","827"
"24150","Ripplemead","Giles","820"
"24565","Java","Pittsylvania","815"
"22736","Richardsville","Culpeper","810"
"23894","Wilsons","Dinwiddie","807"
"24270","Mendota","Washington","793"
"24374","Speedwell","Wythe","791"
"24077","Cloverdale","Botetourt","769"
"23129","Oilville","Goochland","767"
"24603","Big Rock","Buchanan","766"
"23306","Belle Haven","Accomack","766"
"23055","Fork Union","Fluvanna","763"
"24245","Dungannon","Scott","757"
"23004","Arvonia","Buckingham","750"
"23889","Warfield","Brunswick","748"
"23357","Greenbush","Accomack","747"
"22726","Lignum","Culpeper","743"
"22436","Caret","Essex","736"
"23347","Eastville","Northampton","730"
"24459","Middlebrook","Augusta","728"
"24272","Nora","Dickenson","716"
"24265","Keokee","Lee","707"
"23128","North","Mathews","707"
"24437","Fort Defiance","Augusta","705"
"23307","Birdsnest","Northampton","704"
"22627","Flint Hill","Rappahannock","704"
"23857","Gasburg","Brunswick","687"
"23709","Portsmouth","Portsmouth City","686"
"23050","Dutton","Gloucester","685"
"23023","Bruington","King And Queen","675"
"24474","Selma","Alleghany","672"
"24602","Bandy","Tazewell","670"
"23359","Hallwood","Accomack","666"
"23177","Walkerton","King And Queen","664"
"24082","Critz","Patrick","650"
"22480","Irvington","Lancaster","647"
"22448","Dahlgren","King George","646"
"24646","Rowe","Buchanan","642"
"24595","Sweet Briar","Amherst","639"
"23413","Nassawadox","Northampton","639"
"23180","Water View","Middlesex","633"
"24020","Roanoke","Roanoke","632"
"23138","Port Haywood","Mathews","625"
"22811","Bergton","Rockingham","619"
"22810","Basye","Shenandoah","613"
"23844","Drewryville","Southampton","612"
"23968","Skipwith","Mecklenburg","604"
"24318","Ceres","Bland","599"
"24221","Blackwater","Lee","596"
"23303","Atlantic","Accomack","587"
"22976","Tyro","Nelson","587"
"24483","Vesuvius","Rockbridge","582"
"23092","Locust Hill","Middlesex","568"
"24613","Falls Mills","Tazewell","560"
"23395","Horntown","Accomack","558"
"23085","King And Queen Court Hous","King And Queen","557"
"22535","Port Royal","Caroline","554"
"24484","Warm Springs","Bath","549"
"24366","Rocky Gap","Bland","548"
"22639","Hume","Fauquier","544"
"22943","Greenwood","Albemarle","538"
"24580","Nelson","Mecklenburg","531"
"22718","Elkwood","Culpeper","528"
"24562","Howardsville","Albemarle","526"
"23934","Cullen","Charlotte","524"
"20129","Paeonian Springs","Loudoun","522"
"23316","Cheriton","Northampton","521"
"23845","Ebony","Brunswick","519"
"24011","Roanoke","Roanoke City","518"
"23897","Yale","Sussex","516"
"23879","Skippers","Greensville","512"
"22548","Sharps","Richmond","511"
"23708","Portsmouth","Portsmouth City","508"
"22716","Castleton","Rappahannock","507"
"23440","Tangier","Accomack","506"
"24161","Sandy Level","Pittsylvania","505"
"22650","Rileyville","Page","499"
"23126","Newtown","King And Queen","496"
"20184","Upperville","Fauquier","496"
"24246","East Stone Gap","Wise","492"
"23651","Fort Monroe","Hampton City","479"
"24105","Indian Valley","Floyd","468"
"24634","Pilgrims Knob","Buchanan","462"
"22640","Huntly","Rappahannock","459"
"24185","Woolwine","Patrick","458"
"23461","Virginia Beach","Virginia Beach City","453"
"24351","Lambsburg","Carroll","447"
"23909","Farmville","Prince Edward","447"
"23337","Wallops Island","Accomack","430"
"23056","Foster","Mathews","428"
"22433","Burr Hill","Orange","427"
"23423","Quinby","Accomack","419"
"23843","Dolphin","Brunswick","417"
"23032","Church View","Middlesex","413"
"23079","Jamaica","Middlesex","409"
"24458","Mc Dowell","Highland","401"
"23125","New Point","Mathews","401"
"24292","Whitetop","Grayson","392"
"24269","Mc Clure","Dickenson","390"
"24168","Stanleytown","Henry","385"
"23110","Mattaponi","King And Queen","385"
"22504","Laneview","Essex","384"
"24657","Whitewood","Buchanan","381"
"23480","Wachapreague","Accomack","380"
"23176","Wake","Middlesex","370"
"23488","Withams","Accomack","366"
"24139","Pittsville","Pittsylvania","359"
"22641","Strasburg","Shenandoah","359"
"22438","Champlain","Essex","358"
"24485","West Augusta","Augusta","333"
"23828","Branchville","Southampton","333"
"23899","Claremont","Surry","330"
"24377","Tannersville","Tazewell","329"
"23070","Hardyville","Middlesex","328"
"24487","Williamsville","Bath","322"
"23021","Bohannon","Mathews","322"
"23119","Moon","Mathews","319"
"23887","Valentines","Brunswick","307"
"22964","Piney River","Nelson","298"
"22643","Markham","Fauquier","289"
"22820","Criders","Rockingham","287"
"24536","Coleman Falls","Bedford","286"
"24432","Deerfield","Augusta","286"
"23893","White Plains","Brunswick","286"
"24132","Parrott","Pulaski","282"
"24217","Bee","Dickenson","278"
"22931","Covesville","Albemarle","273"
"24413","Blue Grass","Highland","269"
"23876","Rawlings","Brunswick","267"
"22972","Somerset","Orange","267"
"22743","Syria","Madison","259"
"24448","Iron Gate","Alleghany","256"
"22719","Etlan","Madison","255"
"24607","Breaks","Dickenson","254"
"23064","Grimstead","Mathews","253"
"23187","Williamsburg","Williamsburg City","251"
"24628","Maxie","Buchanan","250"
"23091","Little Plymouth","King And Queen","245"
"20139","Casanova","Fauquier","245"
"22722","Haywood","Madison","244"
"24058","Belspring","Pulaski","242"
"24239","Davenport","Buchanan","241"
"22432","Burgess","Northumberland","241"
"23952","Lunenburg","Lunenburg","238"
"23427","Saxis","Accomack","238"
"22476","Hustle","Essex","238"
"20130","Paris","Fauquier","236"
"23938","Dundas","Lunenburg","233"
"22749","Woodville","Rappahannock","228"
"24476","Steeles Tavern","Augusta","225"
"23130","Onemo","Mathews","223"
"22730","Oakpark","Madison","223"
"23389","Harborton","Accomack","221"
"22732","Radiant","Madison","217"
"24606","Boissevain","Tazewell","209"
"24457","Low Moor","Alleghany","207"
"24167","Staffordsville","Giles","206"
"23068","Hallieford","Mathews","195"
"24604","Bishop","Tazewell","189"
"23313","Capeville","Northampton","184"
"23025","Cardinal","Mathews","179"
"23414","Nelsonia","Accomack","174"
"24464","Montebello","Nelson","168"
"22530","Ophelia","Northumberland","168"
"23416","Oak Hall","Accomack","166"
"24612","Doran","Tazewell","165"
"22948","Locust Dale","Madison","165"
"22741","Stevensburg","Culpeper","165"
"23302","Assawoman","Accomack","162"
"23354","Franktown","Northampton","159"
"23409","Mears","Accomack","158"
"22529","Oldhams","Westmoreland","154"
"23691","Yorktown","York","152"
"23401","Keller","Accomack","151"
"23422","Pungoteague","Accomack","147"
"22946","Keene","Albemarle","138"
"23045","Diggs","Mathews","134"
"23441","Tasley","Accomack","125"
"24442","Head Waters","Highland","123"
"22723","Hood","Madison","121"
"22538","Rappahannock Academy","Caroline","121"
"24086","Eggleston","Giles","113"
"23161","Stevensville","King And Queen","111"
"22509","Loretto","Essex","102"
"24093","Glen Lyn","Giles","101"
"23066","Gwynn","Mathews","100"
"24322","Cripple Creek","Wythe","99"
"23426","Sanford","Accomack","94"
"23358","Hacksneck","Accomack","89"
"23108","Mascot","King And Queen","89"
"23963","Red House","Charlotte","88"
"22646","Millwood","Clarke","83"
"24539","Crystal Hill","Halifax","80"
"24433","Doe Hill","Highland","73"
"22579","Wicomico Church","Northumberland","71"
"23408","Marionville","Northampton","69"
"23943","Hampden Sydney","Prince Edward","54"
"24411","Augusta Springs","Augusta","52"
"23115","Millers Tavern","Essex","49"
"22731","Pratts","Madison","39"
"23884","Sussex","Sussex","38"
"23304","Battery Park","Isle Of Wight","36"
"23976","Wylliesburg","Charlotte","34"
"23398","Jamesville","Northampton","31"
"24581","Norwood","Nelson","27"
"24412","Bacova","Bath","27"
"23163","Susan","Mathews","27"
"22711","Banco","Madison","26"
"23486","Willis Wharf","Northampton","23"
"22989","Woodberry Forest","Madison","17"
"24130","Oriskany","Botetourt","15"
"24131","Paint Bank","Craig","10"
"22845","Orkney Springs","Shenandoah","9"
"20118","Middleburg","Loudoun","7"
"24601","Amonate","Tazewell","0"
"24570","Lowry","Bedford","0"
"24415","Brownsburg","Rockbridge","0"
"24316","Broadford","Smyth","0"
"23250","Richmond","Henrico","0"
"22214","Arlington","Arlington","0"
"22185","Vienna","Fairfax","0"
"22035","Fairfax","Fairfax","0"